organization_wikidata	organization_name	person_orcid	person_wikidata	person_name	role	start	end	organization	consortia	source	curator	curation date
Q140073062	NFDI Section Int WG Landscape			Alexandra Büttner					NFDI4Culture	doi:10.5281/zenodo.21420211	0000-0003-4423-4370	2026-10-09
Q140073062	NFDI Section Int WG Landscape			Alicja Krysmann					NFDI4Immuno	doi:10.5281/zenodo.21420211	0000-0003-4423-4370	2026-10-09
Q140073062	NFDI Section Int WG Landscape			Alois Wieshuber					Base4NFDI	doi:10.5281/zenodo.21420211	0000-0003-4423-4370	2026-10-09
Q140073062	NFDI Section Int WG Landscape	0000-0003-4423-4370	Q47475003	Charles Tapley Hoyt	coordinator	2026-03		RWTH Aachen University	NFDI4Chem	orcid:0000-0003-4423-4370	orcid:0000-0003-4423-4370	2026-10-08
Q140073062	NFDI Section Int WG Landscape			Christiane Schneide					PUNCH4NFDI	doi:10.5281/zenodo.21420211	0000-0003-4423-4370	2026-10-09
Q140073062	NFDI Section Int WG Landscape			Cordula Hege					Base4NFDI	doi:10.5281/zenodo.21420211	0000-0003-4423-4370	2026-10-09
Q140073062	NFDI Section Int WG Landscape			Janete Saldanha Bach					KonsortSWD	doi:10.5281/zenodo.21420211	0000-0003-4423-4370	2026-10-09
Q140073062	NFDI Section Int WG Landscape			Melina Jander					TextPlus	doi:10.5281/zenodo.21420211	0000-0003-4423-4370	2026-10-09
Q140073062	NFDI Section Int WG Landscape			Peter Mutschke					KonsortSWD	doi:10.5281/zenodo.21420211	0000-0003-4423-4370	2026-10-09
Q140073062	NFDI Section Int WG Landscape			Robert Ulrich				re3data		doi:10.5281/zenodo.21420211	0000-0003-4423-4370	2026-10-09
Q140073062	NFDI Section Int WG Landscape			Sebastian Böhm					NFDI4Immuno	doi:10.5281/zenodo.21420211	0000-0003-4423-4370	2026-10-09
Q140073062	NFDI Section Int WG Landscape			Thomas Schörner					PUNCH4NFDI	doi:10.5281/zenodo.21420211	0000-0003-4423-4370	2026-10-09
Q139055838	NFDI Section Meta WG Onto	0000-0003-4423-4370	Q47475003	Charles Tapley Hoyt	participant	2025-06		RWTH Aachen University	NFDI4Chem	orcid:0000-0003-4423-4370	orcid:0000-0003-4423-4370	2026-10-08
Q141663980	RDA FAIR Mappings Working Group	0000-0003-4423-4370	Q47475003	Charles Tapley Hoyt	participant	2026		RWTH Aachen University	NFDI4Chem	orcid:0000-0003-4423-4370	orcid:0000-0003-4423-4370	2026-10-08
